Código Negociação,Nome do Fundo,Cotação,Data IPO,Área Bruta Locável,Valor Patrimonial,Valor Patrimonial Por Cota,Variação da Cota no Ano,Yield de Distribuição 1 Mês,Yield de Distribuição 12 Meses,P/VPA,Vacância Financeira,Vacância Física,Qtde de Cotistas,Administrador,Liquidez Média Diária Mês Atual,IFIX - Participação Percentual,Categoria,Valor de Mercado,Variação no Dia,Qtde de Cotas
BBFI11B,BB Progressivo,18110.0,2004-01-12,"86.312,00m²",373425290.33,2872.5,-0.2201,0.015,0.1806,0.63,,0.3911,8827.0,BTG PACTUAL,267540.38,0.0,Agências Bancárias,,-0.27,130000.0
BBPO11,BB Progressivo II,815.0,2012-12-12,"317.016,00m²",1593557059.28,100.1,-0.1396,0.0113,0.1293,0.81,0.0,0.0,69392.0,VOTORANTIM ASSET,1523640.94,0.0125,Agências Bancárias,,0.1199999999999999,15919651.0
BBRC11,BB Renda Corporativa,985.0,2011-06-20,"15.069,00m²",169963038.66,106.89,-0.1028,0.0101,0.113,0.92,0.069,0.054,9051.0,BV DTVM,66669.78,0.0,Agências Bancárias,,-0.4599999999999999,1590074.0
BNFS11,Banrisul Novas Fronteiras,11699.0,2012-09-25,"10.223,00m²",69481066.58,99.26,-0.0777,0.0126,0.1329,1.18,,0.0,361.0,OLIVEIRA TRUST,73399.58,0.0,Agências Bancárias,,0.0,699991.0
CXAG11,Caixa Agencias,7562.0,2021-12-30,"56.495,00m²",239988075.72,114.79,,0.0099,0.0608,0.66,,,11961.0,OLIVEIRA TRUST,165374.4,0.0,Agências Bancárias,,-0.4299999999999999,2090671.0
MBRF11,Mercantil do Brasil,5950.0,2011-06-22,"17.216,00m²",113821070.31,1119.58,-0.2866,0.0168,0.1866,0.53,,0.0,3172.0,RIO BRAVO,74292.6,0.0,Agências Bancárias,,0.8500000000000001,101664.0
AGRX11,Exes Araguaia Fiagro,1025.0,,,34498488.14,10.26,,,,1.0,,,660.0,BANCO GENIAL,182423.05,0.0,Agronegócio,34467941.5,0.0,3362426.0
BBGO11,BB Crédito Fiagro,841.0,2022-01-02,,393054613.54,98.14,,0.0088,0.0485,0.86,,,5885.0,BB GESTAO DE RECURSOS,223586.31,0.0,Agronegócio,336834292.4,-0.58,4005040.0
BTAL11,Btg Pactual Agro Logística,9685.0,2021-01-29,,640913930.58,107.13,-0.0217,0.0086,0.0995,0.9,,,32502.0,btg pactual,765769.76,0.0054,Agronegócio,579427981.6,0.64,5982581.0
BTRA11,BTG Pactual Terras Agrícolas,8066.0,2021-07-30,,348490615.97,103.58,-0.1913,0.0087,0.1126,0.78,,,17851.0,btg pactual,398082.52,0.0032,Agronegócio,271385328.94,-1.08,3364459.0
CPTR11,Capitânia Agro Strategies Fiagro,10299.0,,,100234735.85,96.73,,0.017,0.034,1.06,,,580.0,BTG PACTUAL,75945.5,0.0,Agronegócio,106725447.3,0.14,1036232.0
DCRA11,Devant Fiagro,975.0,2022-08-02,,64869861.09,9.63,,0.0133,0.0697,1.01,,,4884.0,BANCO DAYCOVAL,224868.12,0.0,Agronegócio,65704323.75,0.0,6736226.0
EGAF11,Ecoagro I Fiagro,999.0,2022-01-28,,30142855.73,99.94,,0.053,0.0928,1.0,,,9460.0,VÓRTX,160791.43,0.0,Agronegócio,30130839.0,-0.07,301610.0
FARM11,Santa Fé Terra Matter,,,,,,,,,,,,,MAF,,0.0,Agronegócio,0.0,,
FGAA11,FG/Agro Fiagro,1017.0,2022-12-01,,86383461.78,9.5,,0.0147,0.0993,1.07,,,615.0,BRL TRUST,1391130.37,0.0,Agronegócio,92522581.83,-0.01,9092996.0
GCRA11,Galapagos Recebíveis do Agronegócio Fiagro,1020.0,2022-01-19,,85612046.83,98.48,,0.0123,0.0933,1.04,,,3982.0,SINGULARE,191600.27,0.0,Agronegócio,88670130.0,0.29,869334.0
HGAG11,High Fiagro,1035.0,,,24965405.14,100.56,,0.0027,0.0051,1.03,,,80.0,VÓRTX,144417.02,0.0,Agronegócio,25694082.0,0.0,248264.0
JGPX11,JGP Crédito Fiagro,9764.0,2021-11-29,,85843432.59,95.86,-0.0037,0.01,0.0921,1.02,,,3162.0,BANCO DAYCOVAL,114491.99,0.0,Agronegócio,87439256.28,0.44,895508.0
KNCA11,Kinea Crédito Agro Fiagro,10599.0,2022-01-18,,713933343.01,100.93,,0.0114,0.0839,1.05,,,67.0,INTRAG,1455281.28,0.0,Agronegócio,749737117.41,-0.01,7073549.0
LSAG11,Leste Fiagro,1050.0,,,56726933.58,100.66,,0.0144,0.0479,1.04,,,750.0,BANCO GENIAL,4899.37,0.0,Agronegócio,59171385.0,-4.36,563550.0
NCRA11,NCH EQI Recebíveis do Agronegócio Fiagro,940.0,,,38153273.12,94.97,-0.0766,0.0286,0.0417,0.99,,,1248.0,BTG PACTUAL,200019.67,0.0,Agronegócio,37763842.0,0.8500000000000001,401740.0
OIAG11,Ourinvest Innovation Fiagro,999.0,2022-05-24,,40504953.76,9.72,,0.0093,0.0232,1.03,,,7720.0,SINGULARE,26861.73,0.0,Agronegócio,41617251.09,-0.01,4167176.0
PLCA11,Plural BRB Crédito Agro,9801.0,,,,,,,,,,,,BANCO GENIAL,56646.55,0.0,Agronegócio,0.0,-2.09,
QAGR11,Quasar Agro,4548.0,2019-12-11,,282155571.1,55.98,-0.081,0.0088,0.1022,0.81,,,25344.0,BTG PACTUAL,271368.18,0.0022,Agronegócio,229219200.0,-0.02,5040292.0
RURA11,Itaú Asset Rural Fiagro,1034.0,2022-09-03,,598440232.05,9.97,,0.0106,0.0406,1.04,,,7158.0,INTRAG,569580.04,0.0,Agronegócio,620394923.06,-0.19,60024095.0
RZAG11,Riza Agro Fiagro,1057.0,2021-06-10,,289073619.88,9.53,0.0786,0.0128,0.094,1.11,,,14535.0,BANCO GENIAL,864188.81,0.0,Agronegócio,320737031.3,2.13,30333014.0
RZTR11,Riza Terrax,10147.0,2020-05-10,,1087758184.8,98.46,-0.0029,0.0123,0.1385,1.03,,,56265.0,BANCO GENIAL,2696778.93,0.0133,Agronegócio,1121042386.46,0.76,11047717.0
SNAG11,Suno Agro Fiagro,1000.0,,,25146817.94,100.59,,,,0.99,,,10.0,SINGULARE,4593756.96,0.0,Agronegócio,25000000.0,0.0,249993.0
VCRA11,Vectis Datagro Crédito Agronegócio Fiagro,10625.0,2021-12-29,,228515148.11,101.33,,0.012,0.0237,1.05,,,1728.0,INTRAG,94792.3,0.0,Agronegócio,239616806.25,0.2299999999999999,2255158.0
VGIA11,Valora CRA Fiagro,1035.0,2021-11-24,,336474660.14,9.53,0.036,0.0164,0.1161,1.09,,,12327.0,BTG PACTUAL,1457816.59,0.0,Agronegócio,365431983.3,0.0,35306890.0
XPCA11,XP Crédito Agrícola Fiagro,1063.0,2021-11-17,,151204284.15,9.52,0.0993,0.0132,0.0978,1.12,,,1242.0,XP INVESTIMENTOS,1169158.64,0.0,Agronegócio,168865235.49,-2.92,15882803.0
FAED11,Anhanguera Educacional,1349.0,2010-08-01,"37.549,18m²",138838503.88,216.2,-0.0983,0.0114,0.118,0.62,0.0,0.0,4781.0,BTG PACTUAL,129530.42,0.0,Educacional,,-0.0299999999999999,642176.0
FCFL11,Campus Faria Lima,11405.0,2010-07-27,"30.968,00m²",363962873.44,104.77,0.066,0.0077,0.0838,1.09,,0.0,4047.0,BTG PACTUAL,214855.17,0.0038,Educacional,,-0.04,3473923.0
MINT11,Mint Educacional,989.0,,"22.841,00m²",59236441.69,113.92,-0.011,0.0,,0.87,0.0,0.0,700.0,BANCO GENIAL,,0.0,Educacional,,-0.11,519983.0
RBED11,Rio Bravo Renda Educacional,12399.0,2011-09-20,"92.775,00m²",284863444.53,140.91,-0.0334,0.0095,0.1072,0.88,0.0,0.0,12476.0,RIO BRAVO,139095.61,0.0,Educacional,,-0.33,2021598.0
AFOF11,Alianza FOF,8779.0,2021-03-23,,67353815.84,97.45,-0.0246,0.012,0.1236,0.9,,,2927.0,BRL TRUST,96857.18,0.0,Fundo de Fundos,60679745.68,0.0,691163.0
BBFO11,BB Fundo de Fundos,718.0,2020-12-28,,333679016.89,83.34,-0.083,0.0124,0.1223,0.86,,,4629.0,BB GESTAO DE RECURSOS,157059.77,0.0,Fundo de Fundos,287480020.0,0.73,4003828.0
BCFF11,BTG Pactual Fundo de Fundos,7017.0,2010-06-17,,1941830242.24,77.1,-0.0076,0.008,0.0912,0.91,,,298925.0,BTG PACTUAL,2532958.8,0.0158,Fundo de Fundos,1767328144.26,1.24,25185866.0
BCIA11,Bradesco Carteira Imobiliária Ativa,833.0,2015-05-25,,381232837.73,102.51,-0.0311,0.0089,0.0976,0.81,,,14394.0,BANCO BRADESCO,297302.24,0.0029,Fundo de Fundos,309795865.4,1.23,3718982.0
BLMR11,BlueMacaw Renda + FOF,718.0,2020-08-13,,205039992.3,8.03,-0.0687,0.0104,0.1209,0.89,,,12145.0,BRL TRUST,527671.91,0.0018,Fundo de Fundos,183388903.4,0.14,25534246.0
BPFF11,Brasil Plural Absoluto Fundo de Fundos,6772.0,2013-04-15,,344474413.13,76.68,-0.055,0.0111,0.1125,0.88,,,20079.0,GENIAL INVESTIMENTOS,688052.11,0.0027,Fundo de Fundos,304220316.72,1.93,4492363.0
CPFF11,Capitânia REIT FOF,7045.0,2020-02-01,,419112065.05,76.9,0.0064,0.0085,0.1046,0.92,,,15806.0,BTG PACTUAL,766788.62,0.0036,Fundo de Fundos,383936860.1,1.37,5450092.0
CRFF11,Caixa Rio Bravo Fundo de Fundos II,6567.0,2019-05-17,,58346183.81,84.55,-0.0304,0.009,0.0918,0.78,,,1749.0,CAIXA ECONOMICA FEDERAL,12220.22,0.0,Fundo de Fundos,45314926.8,0.1199999999999999,690079.0
CXCI11,Caixa Carteira Imobiliária,766.0,2022-03-22,,197772852.75,96.11,,0.0108,0.0441,0.8,,,5824.0,CAIXA ECONOMICA FEDERAL,38783.32,0.0,Fundo de Fundos,157621811.6,0.8599999999999999,2057776.0
CXRI11,Caixa Rio Bravo Fundo de Fundos,631.0,2013-12-12,,129809519.46,82.38,-0.0753,0.0087,0.0975,0.77,,,263.0,CAIXA ECONOMICA FEDERAL,20656.96,0.0,Fundo de Fundos,99430456.0,-0.05,1575741.0
DVFF11,Devant Fundo de Fundos,6836.0,2021-07-23,,99928369.58,90.77,-0.2937,0.011,0.129,0.75,,,4230.0,BANCO DAYCOVAL,580100.61,0.0,Fundo de Fundos,75260942.0,-0.13,1100896.0
GCFF11,Galapagos Fundo de Fundos,702.0,2020-07-20,,29119958.17,86.0,-0.0462,0.0113,0.1252,0.82,,,1998.0,BTG PACTUAL,32520.08,0.0,Fundo de Fundos,23769579.6,-0.13,338604.0
HFOF11,Hedge TOP FOFII 3,720.0,2018-02-28,,1889367743.0,82.15,-0.122,0.0086,0.1003,0.88,,,64399.0,HEDGE INVESTMENTS,1141885.4,0.0167,Fundo de Fundos,1656000000.0,3.15,22998999.0
HGFF11,CSHG Imobiliário FOF,7445.0,2019-08-26,,251616220.42,87.87,-0.0183,0.0087,0.0936,0.85,,,8733.0,CREDIT SUISSE,413378.96,0.002,Fundo de Fundos,213194796.65,0.2099999999999999,2863505.0
IBFF11,FOF Integral Brei,665.0,2019-10-10,,47509330.93,71.26,0.1128,0.0045,0.0874,0.93,,,4147.0,btg pactual,147156.1,0.0,Fundo de Fundos,44334286.5,-0.36,666704.0
ITIP11,Inter Teva Índice de Papel,7848.0,2021-02-24,,64144364.89,85.74,-0.0594,0.013,0.1455,0.92,,,2494.0,INTER DTVM,118526.54,0.0,Fundo de Fundos,58714890.48,-0.13,748126.0
ITIT11,Inter Teva Índice de Tijolo,7147.0,2020-04-09,,69574525.62,77.26,-0.0224,0.0087,0.09,0.93,,,5158.0,INTER DTVM,83875.18,0.0,Fundo de Fundos,64358306.18,-0.01,900525.0
JBFO11,JBFO FOF,8489.0,,,108907561.76,85.15,-0.0175,0.0073,0.072,1.0,,,3610.0,BEM DTVM,84.89,0.0,Fundo de Fundos,108580252.3,0.0,1279008.0
JSAF11,JS Ativos Financeiros,8348.0,2021-11-25,,150709569.67,95.81,-0.1689,0.0111,0.0942,0.87,,,211.0,BANCO J. SAFRA,503364.03,0.0,Fundo de Fundos,131317963.56,1.93,1573005.0
KFOF11,Kinea Fundo de Fundos,7918.0,2019-01-22,,420813314.77,92.83,0.0204,0.0088,0.0954,0.85,,,8345.0,INTRAG,749428.59,0.0033,Fundo de Fundos,358947881.7,3.15,4533161.0
KISU11,Kilima FoF Suno 30,78.0,2020-08-10,,389862797.69,8.82,-0.0358,0.009,0.1045,0.88,,,6675.0,BRL TRUST,875310.39,0.0031,Fundo de Fundos,344729190.0,0.13,44202131.0
MFAI11,Mérito Fundos e Ações Imobiliárias,6069.0,2020-06-07,,21919437.92,70.88,-0.1772,0.0084,0.1415,0.86,,,3774.0,MÉRITO,26659.8,0.0,Fundo de Fundos,18769414.23,1.15,309247.0
MGFF11,Mogno Fundo de Fundos,595.0,2018-03-04,,669230036.81,73.94,-0.125,0.0092,0.1102,0.8,,,49813.0,BTG PACTUAL,936060.63,0.0053,Fundo de Fundos,538511890.0,1.36,9050988.0
MORE11,More Real Estate FOF,6832.0,2020-04-05,,198201087.53,85.46,-0.1011,0.0125,0.1238,0.8,,,14987.0,BTG PACTUAL,275131.67,0.0015,Fundo de Fundos,158441936.8,-1.27,2319226.0
NAVT11,Navi Imobiliário Total Return,733.0,2021-03-25,,93995591.67,89.14,-0.0081,0.0119,0.1162,0.82,,,1691.0,BTG PACTUAL,144379.22,0.0,Fundo de Fundos,77295363.1,0.05,1054472.0
OUFF11,Ourinvest Fundo de Fundos,6517.0,2019-07-15,,140726048.62,77.56,-0.098,0.0115,0.1258,0.84,,,8493.0,BANCO OURINVEST S.A.,280296.02,0.0,Fundo de Fundos,118240277.12,0.3399999999999999,1814415.0
RBFF11,Rio Bravo Fundo de Fundos,566.0,2013-05-31,,238787918.29,63.69,-0.0075,0.0088,0.1018,0.89,,,21894.0,BRL TRUST,309020.23,0.0018,Fundo de Fundos,212205569.0,0.5499999999999999,3749222.0
RBRF11,RBR Alpha Multiestratégia Real Estate,7046.0,2017-09-14,,1135922045.01,83.03,-0.1126,0.0085,0.1038,0.85,,,83982.0,BTG PACTUAL,3047399.82,0.0095,Fundo de Fundos,963947054.2,0.2399999999999999,13680863.0
RCFF11,RBR Desenvolvimento Comercial Feeder FOF,9999.0,2020-06-22,,30397372.62,94.05,-0.0085,0.0175,0.0258,1.06,,,770.0,BRL TRUST,799.92,0.0,Fundo de Fundos,32316768.0,9.22,323204.0
RECX11,REC Fundo de Fundos,700.0,2021-02-19,,18442628.91,84.48,-0.186,0.0063,0.1477,0.83,,,5760.0,BTG PACTUAL,16672.84,0.0,Fundo de Fundos,15281910.0,0.01,218308.0
RFOF11,RB Capital I Fundo de Fundos,720.0,2020-02-28,,88565526.09,82.14,-0.0394,0.0093,0.1085,0.88,,,6179.0,BRL TRUST,169956.99,0.0,Fundo de Fundos,77627808.0,-1.36,1078227.0
RVBI11,VBI Reits FOF,7664.0,2020-10-02,,124044557.73,86.14,-0.0877,0.0098,0.1174,0.89,,,11631.0,BRL TRUST,205909.2,0.0011,Fundo de Fundos,110361600.0,0.25,1440034.0
SNFF11,Suno Fundo de Fundos,870.0,2021-03-05,,225268736.49,90.11,0.0112,0.0075,0.0974,0.97,,,31666.0,BTG PACTUAL,383987.27,0.002,Fundo de Fundos,217500000.0,0.64,2499930.0
VIFI11,Vinci Instrumentos Financeiros,689.0,2020-02-21,,70680725.11,8.74,-0.0993,0.0087,0.1097,0.79,,,6188.0,BRL TRUST,219904.94,0.0005,Fundo de Fundos,55734519.1,1.03,8087039.0
XBXO11,R Cap 1810 Fundo de Fundos,,,,294711694.54,96.86,,,,0.0,,,60.0,Monetar,,0.0,Fundo de Fundos,0.0,,3042656.0
XPSF11,XP Selection,718.0,2019-02-17,,368633498.62,8.51,-0.1297,0.0099,0.115,0.84,,,2931.0,XP INVESTIMENTOS,793262.69,0.0029,Fundo de Fundos,310909365.2,0.98,43317685.0
HCRI11,Hospital da Criança,24944.0,2005-01-06,"5.518,20m²",52817171.17,264.09,-0.3126,0.02,0.1111,0.94,,,298.0,BTG PACTUAL,85631.18,0.0,Hospitais,,2.91,199997.0
HUCG11,Hospital Unimed Campina Grande,1000.0,2022-05-18,"0,00m²",114149921.33,101.74,,0.0077,0.0242,0.98,,,1280.0,COINVALORES,974.11,0.0,Hospitais,,-0.27,1121977.0
HUSC11,Hospital Unimed Sul Capixaba,1058.0,2018-04-30,"11.500,00m²",113457138.03,142.78,-0.1398,0.0094,0.0833,0.74,,,7540.0,RIO BRAVO,2310.97,0.0,Hospitais,,0.13,794629.0
HUSI11,HUSI,10120.0,2020-04-03,"20.000,00m²",113411147.32,983.09,-0.032,0.0067,0.0067,1.03,,,800.0,PLANNER,500361.5,0.0,Hospitais,,2.95,115362.0
NSLU11,Hospital Nossa Senhora de Lourdes,15551.0,2006-10-18,"23.523,27m²",251508466.11,194.42,-0.3465,0.0029,0.0883,0.8,,,7185.0,BTG PACTUAL,273609.79,0.0,Hospitais,,-1.24,1293635.0
NVHO11,Novo Horizonte,101.0,2014-09-25,"30.359,00m²",527832588.57,12.72,-0.1513,0.0076,0.0927,0.79,,,2314.0,GENIAL INVESTIMENTOS,2334.83,0.0,Hospitais,,0.0,41496273.0
ATCR11,HAZ FII,,,"37.193,00m²",69468169.39,74.78,,,,0.0,,,330.0,RJI,,0.0,Hotéis,,,928967.0
BRHT11B,BR Hoteis,,,"16.441,00m²",147168433.13,79.91,,,,0.0,,,110.0,ELITE CCVM,,0.0,Hotéis,,,1841677.0
EVHF11,Even Hotel Fasano Itaim,,,"0,00m²",,,,,,,,,,BRL TRUST,,0.0,Hotéis,,,
HTMX11,Hotel Maxinvest,9442.0,2007-07-13,"12.971,00m²",164192001.82,130.62,0.0683,0.0,,0.72,,0.31,22104.0,btg pactual,194418.76,0.0,Hotéis,,0.35,1257020.0
MGHT11,Mogno Hoteis,6494.0,2020-04-16,"0,00m²",113860987.1,86.67,-0.2764,0.0123,0.1521,0.75,,,9070.0,BTG PACTUAL,80904.61,0.0,Hotéis,,-0.8500000000000001,1313730.0
RECH11,REC Hotelaria,,,"0,00m²",,,,,,,,,,BTG PACTUAL,,0.0,Hotéis,,,
XPHT11,XP Hotéis (Cota Sênior),1124.0,2019-04-24,"33.126,00m²",357882976.46,94.06,0.1832,0.0048,0.0129,1.19,,0.394,128.0,GENIAL INVESTIMENTOS,52481.51,0.0,Hotéis,,0.04,3804837.0
XPHT12,XP Hotéis (Cota Ordinária),3301.0,2019-04-24,"33.126,19m²",,,-0.2046,0.0,,,,,,GENIAL INVESTIMENTOS,22559.82,0.0,Hotéis,,-4.31,
ALZR11,Alianza Trust Renda Imobiliária,11728.0,2018-04-01,,620985369.48,104.86,0.0303,0.0067,0.0738,1.12,,,106047.0,,1960624.58,0.0064,Híbrido,694533450.08,1.94,5922042.0
BZEL11,Barzel,,,,382134430.16,108.01,,,,0.0,,,30.0,BRL TRUST,,0.0,Híbrido,0.0,,3537954.0
BZLI11,Brazil Realty,170.0,2017-11-30,,439856409.07,10.8,0.0029,0.0,,1.57,,,180.0,PLANNER,96.22,0.0,Híbrido,692167410.0,3.03,40727445.0
FATN11,Athena I,9995.0,2020-04-06,,101130014.55,101.13,0.0152,0.0086,0.0929,0.99,,,4370.0,BR-CAPITAL,41301.53,0.0,Híbrido,99950000.0,2.72,1000000.0
FIIP11B,RB Capital Renda I,1560.0,2009-12-30,,172464767.86,186.01,-0.1193,0.0087,0.1002,0.84,,,8359.0,OLIVEIRA TRUST,61359.97,0.0,Híbrido,144637272.0,0.01,927180.0
HGRU11,CSHG Renda Urbana,1195.0,2018-07-27,,2176767038.29,118.26,0.0107,0.0069,0.0807,1.01,,,170794.0,CREDIT SUISSE,4142877.41,0.0195,Híbrido,2199571731.0,0.4199999999999999,18406621.0
HSRE11,HSI Renda Imobiliária,1000.0,2006-08-06,,817685505.74,95.99,0.0101,0.0063,0.071,1.04,,,1350.0,BRL TRUST,16212.0,0.0,Híbrido,851806400.0,0.0,8518445.0
KNRI11,Kinea Renda Imobiliária,1430.0,2010-01-12,,3859860370.76,159.78,0.0078,0.0064,0.0684,0.89,,,23526.0,INTRAG,4327363.4,0.0304,Híbrido,3454468303.0,1.15,24157344.0
MGRI11,Mogno Properties,,,,22149749.05,100.68,,,,0.0,,,10.0,SINGULARE,,0.0,Híbrido,0.0,,220001.0
MTOF11,Alianza Multioffices,10337.0,,,185473818.87,98.86,0.0,0.0,,1.05,,,30.0,OLIVEIRA TRUST,,0.0,Híbrido,193938349.09,1033.77,1876126.0
NVIF11B,Nova I,2424.0,2015-12-15,,87208167.5,258.47,-0.0989,0.0183,0.2445,0.09,,,70.0,MAF,,0.0,Híbrido,8178576.0,269.09,337402.0
RBRP11,RBR Properties FII,576.0,2019-12-28,,998042143.93,81.95,-0.2645,0.0078,0.0944,0.7,,,9139.0,BRL TRUST,1713013.49,0.0077,Híbrido,701521171.2,3.3200000000000003,12178672.0
RBVA11,Rio Bravo Renda Varejo,9355.0,2012-11-14,,1195865454.59,103.2,-0.0872,0.0107,0.12,0.91,,,4389.0,RIO BRAVO,821356.39,0.0105,Híbrido,1084076016.45,1.73,11587844.0
RMAI11,REAG Multi Ativos Imobiliários,4696.0,2014-01-22,,265036448.14,108.45,0.0459,0.0055,0.0718,0.43,,,1135.0,REAG,21115.22,0.0,Híbrido,114760848.0,7.240000000000001,2443858.0
SEQR11,Sequóia III Renda Imobiliária,660.0,2021-02-26,,154844349.88,96.26,-0.1646,0.0101,0.117,0.69,,,3441.0,VÓRTX,209325.39,0.0,Híbrido,106164432.0,0.4599999999999999,1608605.0
SOLR11,Solarium,112806.0,2020-05-19,,63538365.91,1010.42,-0.0182,0.0063,0.0796,1.12,,,520.0,GENIAL INVESTIMENTOS,,0.0,Híbrido,70935796.98,13.99,62883.0
SPXS11,SPX SYN Multiestratégia,1000.0,,,,,,,,,,,,BTG PACTUAL,413432.84,0.0,Híbrido,0.0,0.0,
TGAR11,TG Ativo Real,12171.0,2017-04-07,,1406903970.82,124.4,0.0043,0.013,0.1284,0.98,,,83295.0,VÓRTX,2895285.22,0.0124,Híbrido,1376487886.41,0.01,11309517.0
TORD11,Tordesilhas EI,81.0,2020-03-04,,501611782.22,14.31,-0.1606,0.021,0.137,0.57,,,100645.0,VÓRTX,1047236.79,0.0029,Híbrido,283915975.5,-2.06,35053234.0
VIUR11,Vinci Imóveis Urbanos,719.0,2021-05-31,,255230085.92,9.47,-0.0782,0.01,0.1171,0.76,,,5077.0,BRL TRUST,337656.77,0.0,Híbrido,193743321.8,-0.14,26951435.0
VVPR11,V2 Properties,9984.0,2019-03-01,,226175291.19,98.09,0.0703,0.0085,0.0915,1.02,,,1395.0,BTG PACTUAL,24107.51,0.0,Híbrido,230208176.64,-0.15,2305794.0
ATWN11,Airport Town,,,,92549865.54,575.71,,,,0.0,,,20.0,REAG,,0.0,Incorporação,0.0,,160758.0
BTSG11,BTSP I,9921.0,,,103340121.81,133.34,-0.0079,0.0089,0.0642,0.74,,,520.0,INTER DTVM,,0.0,Incorporação,76889238.15,1.0,775012.0
HRDF11,Hedge Realty Development,12.0,2019-04-10,,9189070.22,1.21,0.0526,0.0,,0.99,,,1268.0,HEDGE INVESTMENTS,488.42,0.0,Incorporação,9104550.0,1.69,7594273.0
JPPC11,JPP Capital,19999.0,2013-05-24,,20248874.11,368.16,-0.0522,0.0009,0.1329,0.54,,,870.0,BANCO FINAXIS,199.99,0.0,Incorporação,10999450.0,43.010000000000005,55000.0
MADS11,Mauá Capital Desenvolvimento I,,,,,,,,,,,,,BTG PACTUAL,,0.0,Incorporação,0.0,,
NPAR11,Nestpar,1282.0,2016-05-23,,1682250.84,14.07,0.0297,0.0,,0.91,,,7720.0,PLANNER,,0.0,Incorporação,1533143.8,2.07,119563.0
PABY11,Panamby,77.0,1995-01-03,,-10622559.8,-14.01,-0.3573,0.0,,-0.55,,,4570.0,BRKB DTVM,436.69,0.0,Incorporação,5839680.0,-0.13,758213.0
PNDL11,Panorama Desenvolvimento Logístico,,,,22026664.55,639.49,,,,0.0,,,460.0,BRL TRUST,,0.0,Incorporação,0.0,,34444.0
PNPR11,Panorama Properties,1000.0,2022-01-24,,56301829.23,95.66,,0.0,,1.05,,,190.0,SINGULARE,,0.0,Incorporação,58858400.0,0.0,588562.0
RBRM11,RBR Desenvolvimento,1656501.0,2019-12-16,,93944018.6,97.2,-0.5732,0.188,5.4566,170.43,,,1340.0,BTG PACTUAL,,0.0,Incorporação,16010860720.47,388104.58,966502.0
RBTS11,RB Capital TFO Situs,9403.0,2018-06-14,,66214754.17,1171.42,-0.0242,0.0,,0.8,,,560.0,OLIVEIRA TRUST,,0.0,Incorporação,53150457.5,9636.62,56525.0
RCFA11,Grupo RCFA,388.0,2019-10-05,,12885309.17,22.07,-0.5689,0.0,,0.18,,,2780.0,TERRA,2123.55,0.0,Incorporação,2265632.88,-2.51,583838.0
TCPF11,Treecorp Real Estate I,7864.0,2019-05-29,,45302460.41,152.37,0.0,0.0205,0.1125,0.52,,,510.0,BR-CAPITAL,,0.0,Incorporação,23381795.28,786.4499999999999,297319.0
TORM11,Tourmalet I,,,,0.0,,,,,,,,2720.0,VÓRTX,,0.0,Incorporação,0.0,,
TOUR11,Tourmalet II,88.0,2019-01-30,,0.0,,0.0,0.0275,2.1588,,,,6750.0,VÓRTX,,0.0,Incorporação,0.0,11.98,
URBN11,Urbaniza,,,,26980277.84,137.1,,,,0.0,,,,FOCO,,0.0,Incorporação,0.0,,196793.0
VIDS11,Vic Desenvolvimento - Vintage 20/21,,,,55585739.4,850.95,,,,0.0,,,1990.0,BANCO GENIAL,,0.0,Incorporação,0.0,,65322.0
VTXI11,Votorantim Patrimonial XII,,,,1341472.22,12.96,,,,0.0,,,20.0,BV DTVM,,0.0,Incorporação,0.0,,103509.0
VXXV11,Genesis Multiestratégia,8950.0,,,139232291.3,787.61,0.0371,0.0,,1.14,,,140.0,VÓRTX,,0.0,Incorporação,158216310.0,0.44,176778.0
BRIM11,Brio Real Estate II,10300.0,2020-07-15,,124996952.91,1006.93,-0.1204,0.0141,0.1539,1.02,,,2000.0,BRL TRUST,,0.0,Incorporação Residencial,127861110.0,0.1199999999999999,124137.0
BRIP11,Brio Real Estate III,12000.0,2020-10-16,,216941869.96,1265.69,0.1765,0.0,,0.95,,,2360.0,BRL TRUST,5000.0,0.0,Incorporação Residencial,205682400.0,0.0,171402.0
DMAC11,MAC FII,,,,778257.9,4.99,-1.0,,,0.0,,,2352.0,OLIVEIRA TRUST,,0.0,Incorporação Residencial,0.0,,155964.0
EGYR11,Energy Resort,162.0,,,93369304.76,12.45,0.1408,0.0,,0.13,,,520.0,REAG,2577.12,0.0,Incorporação Residencial,12149598.24,0.62,7499543.0
ERCR11,Estoque Residencial e Comercial Rio de Janeiro,729914.0,2020-12-18,,167141122.61,70345.59,-0.0396,,,1.04,,,100.0,OLIVEIRA TRUST,,0.0,Incorporação Residencial,173427566.4,760.0,2376.0
FIVN11,Vida Nova,208.0,2014-01-07,,65559965.67,6.97,-0.4939,0.0,,0.3,,,3444.0,OLIVEIRA TRUST,19901.64,0.0,Incorporação Residencial,19578270.4,-0.95,9406021.0
JTPR11,JT PREV Desenvolvimento Habitacional,,,,21650452.72,100.85,,,,0.0,,,80.0,PLANNER,,0.0,Incorporação Residencial,0.0,,214680.0
KEVE11,Even II,10000.0,,,142938194.63,967.75,-0.0196,0.0,,1.03,,,4010.0,INTRAG,85393.61,0.0,Incorporação Residencial,147701000.0,-0.01,147702.0
KINP11,Even Permuta Kinea,130.0,2017-09-14,,45982474.62,6.43,-0.0335,0.0204,0.205,2.02,,,9960.0,INTRAG,99158.0,0.0,Incorporação Residencial,92923142.0,0.0,7151240.0
KNRE11,Kinea II Real Estate Equity,91.0,2011-03-10,,21239402.23,1.15,-0.4678,0.0017,0.0461,0.79,,,5867.0,INTRAG,5888.77,0.0,Incorporação Residencial,16877916.51,-1.09,18469045.0
LATR11B,Lateres,1595.0,2013-04-30,,1373759.78,11.07,-0.8937,0.9093,0.9093,1.44,,,1660.0,OLIVEIRA TRUST,,0.0,Incorporação Residencial,1979458.8,-0.31,124098.0
LFTT11,Loft II,9374.0,2020-07-27,,387300227.89,53.02,-0.1477,0.0215,,1.77,,,3640.0,MAF,70216.0,0.0,Incorporação Residencial,684727860.82,-0.04,7304795.0
LSPA11,Leste Riva Equity Preferencial I,1073.0,2022-05-13,,43442456.56,107.4,,0.0072,0.0794,1.0,,,2230.0,GENIAL INVESTIMENTOS,,0.0,Incorporação Residencial,43402850.0,-0.07,404492.0
MFII11,Mérito Desenvolvimento Imobiliário I,9258.0,2013-01-08,,415210240.51,100.13,-0.1769,0.0119,0.1517,0.92,,,28689.0,MÉRITO,325252.2,0.004,Incorporação Residencial,383920002.0,0.62,4146712.0
PRSN11B,Personale I,92.0,2011-07-26,,17857750.87,1.38,0.8039,0.0038,0.0038,0.67,,,9620.0,OLIVEIRA TRUST,585.42,0.0,Incorporação Residencial,11890994.48,0.11,12940399.0
RBDS11,RB Capital Desenvolvimento Residencial II,36.0,2010-08-16,,2815302.49,22.25,-0.6345,0.0,,0.16,,,9980.0,OLIVEIRA TRUST,456.53,0.0,Incorporação Residencial,455482.8,-7.46,126530.0
RBIR11,RB Capital Desenvolvimento Residencial IV,6649.0,2020-03-03,,145184242.6,94.98,-0.0877,0.0036,0.0036,0.7,,,1356.0,OLIVEIRA TRUST,25020.07,0.0,Incorporação Residencial,101637611.35,-0.15,1528577.0
ROOF11,Rooftop I,8750.0,,,65218421.24,841.58,-0.1267,0.0049,0.0049,1.04,,,730.0,VÓRTX,,0.0,Incorporação Residencial,67808125.0,2.94,77495.0
RSPD11,RB Capital Desenvolvimento Residencial III,11250.0,2019-10-29,,167041414.86,1121.19,-0.0537,0.0,0.0216,1.0,,,1050.0,OLIVEIRA TRUST,,0.0,Incorporação Residencial,167609250.0,-13.46,148986.0
HCST11,Hectare Desenvolvimento Student Housing,7898.0,,"0,00m²",31433919.25,100.83,-0.1686,0.0,,0.78,,,790.0,VÓRTX,78.98,0.0,Residencial,,0.0,311752.0
HGRS11,CSHG Residencial,,,"9.971,00m²",105816078.97,88.6,,,,0.0,,0.48,60.0,CREDIT SUISSE,,0.0,Residencial,,,1194312.0
HOSI11,Housi,660.0,2020-02-21,"0,00m²",52978111.86,92.38,-0.0958,0.0085,0.0773,0.71,,,1891.0,VÓRTX,6161.82,0.0,Residencial,,1.52,573480.0
JFLL11,JFL Living,7059.0,2021-08-01,"5.956,00m²",150520432.26,100.31,-0.0832,0.0088,0.1057,0.7,,0.25,4296.0,GENIAL INVESTIMENTOS,101520.89,0.0,Residencial,,0.64,1500553.0
LUGG11,Luggo,7938.0,2019-12-30,"0,00m²",115057914.84,127.84,-0.0929,0.0071,0.0821,0.62,,0.044,4035.0,INTER DTVM,24102.58,0.0,Residencial,,-0.13,900015.0
RBRS11,Rio Bravo Renda Residencial,5949.0,2020-09-22,"12.793,00m²",146819152.36,90.66,-0.0848,0.0069,0.0891,0.66,,,1198.0,RIO BRAVO,7656.47,0.0,Residencial,,6.98,1619448.0
VCRR11,Vectis Renda Residencial,7323.0,2021-05-31,"0,00m²",239486973.89,119.74,-0.0671,0.0091,0.1098,0.61,,,2166.0,BRL TRUST,74654.51,0.0,Residencial,,0.15,2000058.0
YUFI11,Yuca,1050.0,2020-09-11,"0,00m²",40727149.62,103.07,0.0642,0.0049,0.0535,1.02,,0.08,290.0,BRL TRUST,350.0,0.0,Residencial,,0.0,395141.0
ARCT11,Riza Arctium Real Estate,10224.0,2019-09-09,"170.000,00m²",370879933.72,100.02,-0.0259,0.0114,0.172,1.02,,,28329.0,BTG PACTUAL,1573098.87,0.0028,Logísticos,,0.18,3708058.0
BLCP11,Bluecap Renda Logística,8497.0,2020-05-25,"69.000,00m²",256622146.41,111.76,-0.1055,0.0058,0.0659,0.76,0.0,0.0,2800.0,BTG PACTUAL,859028.54,0.0,Logísticos,,-0.04,2296190.0
BLMG11,BlueMacaw Logística,7579.0,2020-10-30,"285.133,00m²",352641152.53,92.54,-0.1903,0.0106,0.1333,0.82,0.0,0.0,9577.0,VÓRTX,466552.57,0.0031,Logísticos,,1.55,3810689.0
BPRP11,BRLPROP,1000.0,2019-08-28,"23.257,00m²",146534038.3,108.56,0.0152,0.0086,0.101,0.92,,,1900.0,BTG PACTUAL,1977.05,0.0,Logísticos,,-0.27,1349798.0
BRCO11,Bresco Logística,1007.0,2019-05-12,"446.000,00m²",1757603612.76,118.93,-0.025,0.0065,0.0748,0.85,0.003,0.0,78879.0,OLIVEIRA TRUST,2877856.78,0.0138,Logísticos,,0.04,14778471.0
BRLA11,BRL Prop II,1380.0,2020-09-09,"36.251,00m²",343097427.78,158.19,-0.0612,0.0079,0.0907,0.87,,,2170.0,BTG PACTUAL,286.0,0.0,Logísticos,,-0.08,2168895.0
BTLG11,BTG Pactual Logística,10056.0,2010-12-08,"561.700,00m²",1653069395.44,98.81,-0.0596,0.0082,0.0798,1.02,0.01,0.003,174865.0,,3963738.47,0.016,Logísticos,,-0.2299999999999999,16729778.0
CXTL11,Caixa Seq Logística Renda,34399.0,2012-01-17,"19.456,00m²",37036720.45,691.02,0.1641,0.0,0.0147,0.5,0.65,0.6057,6390.0,CAIXA ECONOMICA FEDERAL,12340.59,0.0,Logísticos,,1.28,53597.0
DPRO11,Devant Properties,,,"16.259,00m²",18873036.48,98.04,,,,0.0,0.0,0.0,590.0,,,0.0,Logísticos,,,192503.0
EURO11,Europar,21837.0,2003-01-17,"36.814,00m²",119980004.32,312.5,0.0499,0.008,0.0924,0.7,,0.0,2588.0,COINVALORES,40654.19,0.0,Logísticos,,4.17,383936.0
FIIB11,Industrial do Brasil,4620.0,2011-12-26,"102.855,00m²",312971256.27,456.89,-0.0043,0.0076,0.0865,1.01,,0.0661,1687.0,COINVALORES,277765.56,0.0028,Logísticos,,1.54,685004.0
FINF11,Infra Real Estate,,,"2.736,00m²",33481721.81,40.83,,,,0.0,,,40.0,PLANNER,,0.0,Logísticos,,,820027.0
GALG11,Guardian Logística,925.0,2021-06-01,"176.770,00m²",582693428.16,101.36,-0.1011,0.0089,0.1075,0.91,0.0,0.0,8937.0,BRL TRUST,319134.07,0.005,Logísticos,,-0.28,5748751.0
GGRC11,GGR Covepi,1072.0,2017-03-05,"397.000,00m²",1041967669.73,134.3,-0.0473,0.008,0.0958,0.8,0.0,0.0,95738.0,CM CAPITAL MARKETS,1150739.79,0.0098,Logísticos,,0.7400000000000001,7758508.0
GLPL11,GLP Logística,,,"0,00m²",,,,,,,,,,VÓRTX,,0.0,Logísticos,,,
GTLG11,Gtis Brazil Logistics,995.0,2021-08-11,"337.300,00m²",666861902.66,92.97,-0.005,0.007,0.0774,1.07,,0.06,940.0,BRL TRUST,99.74,0.0,Logísticos,,-0.4799999999999999,7172872.0
HGLG11,CSHG Logística,1697.0,2010-06-25,"823.000,00m²",3438509625.67,146.59,-0.005,0.0065,0.0946,1.16,0.06,0.078,314356.0,CREDIT SUISSE,4260651.65,0.038,Logísticos,,0.44,23456645.0
HLOG11,Hedge Logística,9099.0,2019-12-23,"251.200,00m²",470745741.36,110.76,-0.0429,0.0071,0.0846,0.82,0.0,0.47,4212.0,HEDGE INVESTMENTS,154355.85,0.0,Logísticos,,0.76,4250142.0
HSLG11,HSI Logística,9005.0,2020-12-15,"390.600,00m²",1336085481.64,105.54,-0.0639,0.0076,0.0822,0.85,,0.005,20227.0,BRL TRUST,660183.8,0.0104,Logísticos,,2.54,12659518.0
LGCP11,Log CP Inter,764.0,2019-12-23,"80.600,00m²",279067670.32,102.12,-0.1317,0.0081,0.0923,0.75,,0.0,9716.0,INTER DTVM,307374.17,0.0,Logísticos,,0.2399999999999999,2732743.0
LVBI11,VBI Logístico,10323.0,2018-11-16,"477.638,00m²",1360439203.91,115.53,0.0014,0.0072,0.082,0.89,0.005,0.014,51874.0,BTG PACTUAL,2018414.77,0.0108,Logísticos,,-1.7799999999999998,11775636.0
MGLG11,Mogno Suno Logística,4395.0,2021-03-26,"42.849,00m²",56424969.43,47.38,-0.2287,0.0114,0.1523,0.93,,0.0,2537.0,BRL TRUST,121272.73,0.0,Logísticos,,1.34,1190903.0
NEWL11,Newport Logística,9449.0,2019-12-27,"114.557,00m²",235702587.29,115.93,-0.0456,0.0095,0.1154,0.82,0.0,0.0,3782.0,BANCO GENIAL,68234.73,0.0,Logísticos,,-0.01,2033146.0
OULG11,Ourinvest Logística,3905.0,2018-11-13,"81.003,00m²",181291977.86,73.06,-0.3244,0.0044,0.0942,0.53,0.0,0.0,5908.0,BANCO OURINVEST S.A.,76740.1,0.0,Logísticos,,-2.59,2481412.0
PATL11,Pátria Logística,7545.0,2020-08-14,"151.331,00m²",488493201.01,97.86,0.0068,0.0077,0.0916,0.77,0.0,0.0,20492.0,VÓRTX,807202.14,0.0035,Logísticos,,2.24,4991756.0
PBLV11,Prologis Brazil Logistics Venture,90059.0,2019-04-22,"0,00m²",5194593907.15,1543.55,0.0,0.0377,0.0377,0.58,,,20.0,BRL TRUST,,0.0,Logísticos,,9005.98,3365355.0
PLOG11,Plural Logística,710.0,2021-05-03,"35.111,00m²",75262573.23,100.35,-0.0955,0.0106,0.1265,0.71,0.0,0.0,2577.0,GENIAL INVESTIMENTOS,90773.05,0.0,Logísticos,,0.41,750001.0
RBLG11,RB Capital Logístico,870.0,2021-03-26,"0,00m²",66101998.08,103.25,-0.0114,0.0038,,0.84,,0.0,1610.0,BTG PACTUAL,873.35,0.0,Logísticos,,-2.8100000000000005,640213.0
RBRL11,RBR Log,8812.0,2020-04-20,"234.294,00m²",716905866.98,107.21,-0.0894,0.0074,0.0945,0.82,0.0,0.06,8931.0,BRL TRUST,653666.93,0.0054,Logísticos,,-0.44,6686931.0
RELG11,REC Logística,789.0,,"97.298,00m²",160272270.66,120.09,-0.003,0.012,0.1246,0.66,0.027,0.027,6423.0,BRL TRUST,220515.74,0.0,Logísticos,,0.0,1334601.0
SBCL11,FRAM Capital SBCLog,,,"0,00m²",28997292.37,966.58,,,,0.0,,,20.0,FRAM Capital,,0.0,Logísticos,,,30000.0
SDIL11,SDI Rio Bravo Renda Logística,897.0,2012-11-19,"319.400,00m²",635885877.3,99.43,-0.0155,0.0085,0.0997,0.9,0.13,0.02,59047.0,RIO BRAVO,718757.68,0.0053,Logísticos,,0.4499999999999999,6395312.0
SJAU11,SJ AU Logística,11499.0,,"0,00m²",813760583.51,102.59,-0.0001,0.0,,1.12,,,1280.0,VÓRTX,,0.0,Logísticos,,3.08,7932163.0
TELD11,Tellus Desenvolvimento Logístico,,,"0,00m²",46770668.82,99.56,,,,0.0,,,20.0,BRL TRUST,,0.0,Logísticos,,,469774.0
TRXB11,TRX Real Estate II,1180.0,2020-06-08,"0,00m²",316452704.98,115.9,-0.0404,0.0081,0.0868,1.02,,,1770.0,BRL TRUST,136830.89,0.0,Logísticos,,0.0,2730394.0
VILG11,Vinci Logística,9875.0,2018-10-12,"607.728,00m²",1700319033.8,113.37,-0.0644,0.0073,0.0828,0.87,0.0,0.0,148783.0,BRL TRUST,1989488.55,0.014,Logísticos,,2.51,14997963.0
VTLT11,Votorantim Logística,880.0,2018-04-23,"67.000,00m²",217406243.9,102.79,-0.0876,0.0094,0.1087,0.86,0.0,0.0,6245.0,BV DTVM,630157.13,0.0018,Logísticos,,0.02,2115052.0
VTPL11,FII Plus,,,"0,00m²",106121720.74,76.55,,,,0.0,,,540.0,BTG PACTUAL,,0.0,Logísticos,,,1386306.0
XPEX11,XP Exeter Desenvolvimento Logístico,,,"0,00m²",91818037.77,974.21,,,,0.0,,,162.0,OLIVEIRA TRUST,,0.0,Logísticos,,,94249.0
XPIN11,XP Industrial,728.0,2018-06-21,"294.919,00m²",780120736.53,109.1,-0.2258,0.0084,0.1022,0.67,0.13,0.169,48821.0,VÓRTX,525283.89,0.0054,Logísticos,,0.97,7150511.0
XPLG11,XP Log,9891.0,2018-05-06,"935.738,00m²",3080304596.32,113.66,-0.0341,0.0073,0.0797,0.87,0.09,0.09,283499.0,VÓRTX,3485108.33,0.0244,Logísticos,,1.04,27101043.0
AFHI11,AF Invest CRI,9921.0,2021-05-04,,286551061.59,96.05,0.0103,0.0141,0.1492,0.99,,,11438.0,BTG PACTUAL,541532.3,0.0023,Recebíveis Imobiliários,282469828.15,-0.07,2338278.0
ARRI11,Átrio Reit Recebíveis Imobiliários,874.0,2019-10-31,,110156397.1,93.49,-0.108,0.015,0.3305,0.09,,,824.0,OLIVEIRA TRUST,411310.03,0.0015,Recebíveis Imobiliários,10298001.14,-0.11,1178269.0
BARI11,Barigui Rendimentos,9906.0,2019-06-21,,441182476.84,102.54,-0.0461,0.0141,0.1509,0.83,,,35522.0,OLIVEIRA TRUST,797894.69,0.0043,Recebíveis Imobiliários,366425482.37,-0.36,4634256.0
BBIM11,BB Recebíveis Imobiliários,,,,51224954.1,49.49,,,,0.0,,,200.0,BB GESTAO DE RECURSOS,,0.0,Recebíveis Imobiliários,0.0,,1035057.0
BCRI11,Banestes Recebíveis Imobiliários,10388.0,2015-01-07,,628182442.2,106.98,-0.039,0.013,0.1467,0.86,,,47113.0,BRL TRUST,987208.01,0.0063,Recebíveis Imobiliários,539115758.95,-0.19,6257648.0
BICE11,Brio Crédito Estruturado,10000.0,,,69228822.25,,-0.1304,0.0,,1.0,,,,BRL TRUST,,0.0,Recebíveis Imobiliários,69210938.0,0.0,
BICR11,Inter Títulos Imobiliários,9427.0,2019-12-26,,49727672.72,100.45,-0.0077,0.0058,0.0816,1.01,,,5330.0,INTER DTVM,957.28,0.0,Recebíveis Imobiliários,50285000.0,-5.81,500004.0
BLUR11,Blue Recebíveis Imobiliários,10529.0,2022-03-23,,9077966.57,104.16,,0.0098,0.0489,0.92,,,770.0,BANCO DAYCOVAL,1052.9,0.0,Recebíveis Imobiliários,8370900.0,0.95,89998.0
BTCR11,BTG Pactual Crédito Imobiliário,9555.0,2018-05-31,,458252683.73,95.65,0.047,0.0115,0.1297,0.92,,,14592.0,,880864.56,0.0043,Recebíveis Imobiliários,423288536.0,-0.4499999999999999,4810164.0
CACR11,Cartesia Recebíveis Imobiliários,964.0,2020-01-24,,189335299.01,103.0,-0.1329,0.0158,0.1754,0.99,,,4407.0,CM CAPITAL MARKETS,214971.96,0.0,Recebíveis Imobiliários,187792392.6,-0.35,1807382.0
CCRF11,RBR CRI,9898.0,2021-04-05,,149178347.27,99.25,-0.0296,0.0192,0.1245,0.92,,,1210.0,BTG PACTUAL,21213.81,0.0,Recebíveis Imobiliários,137729878.0,0.0,1571850.0
CPTS11,Capitânia Securities II,8956.0,2014-08-28,,2791085184.1,90.88,-0.0667,0.0123,0.1543,0.89,,,174484.0,BTG PACTUAL,7873800.84,0.0275,Recebíveis Imobiliários,2474292069.9,-0.25,31782791.0
CVBI11,VBI CRI,9066.0,2019-09-26,,1033955309.88,99.71,-0.1133,0.011,0.1572,0.96,,,63415.0,BRL TRUST,2842607.12,0.0107,Recebíveis Imobiliários,992682156.48,-2.6500000000000004,11009935.0
CYCR11,Cyrela Crédito,9221.0,2021-11-23,,155882056.48,96.44,-0.1048,0.0108,0.1555,0.84,,,2147.0,BANCO GENIAL,119546.36,0.0,Recebíveis Imobiliários,130526720.0,-0.8500000000000001,1631630.0
DEVA11,Devant Recebíveis Imobiliários,9339.0,2020-08-26,,1420869973.77,98.61,-0.1003,0.0134,0.1751,0.75,,,110099.0,VÓRTX,5578799.62,0.0126,Recebíveis Imobiliários,1071064684.08,-2.1100000000000003,13906263.0
EQIR11,EQI Recebíveis Imobiliários,930.0,2021-11-22,,48471011.55,101.23,-0.07,0.0129,0.0937,0.92,,,1760.0,,65128.12,0.0,Recebíveis Imobiliários,44571750.0,-2.82,502513.0
FEXC11,BTG Pactual Fundo de CRI,8685.0,2009-06-19,,567521520.03,92.98,-0.0242,0.0121,0.1338,0.93,,,20424.0,,870753.86,0.0051,Recebíveis Imobiliários,530089756.65,0.44,6103695.0
FISD11,São Domingos,1884.0,2017-01-03,,79858015.12,77.43,0.0,0.0,0.0198,2.53,,,230.0,RJI,,0.0,Recebíveis Imobiliários,202075579.2,1884.02,1072572.0
FLCR11,Faria Lima Capital Recebíveis Imobiliários I,976.0,2019-10-22,,62261956.25,100.0,-0.043,0.0118,0.1622,0.97,,,2386.0,BRL TRUST,329764.72,0.0,Recebíveis Imobiliários,60192380.0,-0.02,633624.0
GAME11,Guardian Multiestratégia Imobiliária I,944.0,2022-02-18,,212457485.59,9.77,-0.0923,0.0138,0.1225,0.89,,,4029.0,BANCO DAYCOVAL,186994.35,0.0,Recebíveis Imobiliários,188988508.67,-2.98,20594868.0
GCRI11,Galapagos Recebíveis Imobiliários,953.0,2020-10-12,,111618540.2,97.89,-0.0363,0.0142,0.1582,0.96,,,3283.0,BTG PACTUAL,138745.37,0.0,Recebíveis Imobiliários,107492613.3,0.32,1167375.0
HABT11,Habitat Recebíveis Pulverizados,9427.0,2019-07-29,,810671378.92,99.56,-0.1456,0.0138,0.1724,0.87,,,55269.0,VÓRTX,1659105.43,0.0071,Recebíveis Imobiliários,703698139.97,-0.09,8126474.0
HCHG11,Hectare Recebíveis High Grade,820.0,2021-12-07,,121717495.82,104.78,-0.0682,0.0107,0.1134,0.79,,,4360.0,VÓRTX,33357.99,0.0,Recebíveis Imobiliários,96000000.0,-1.7500000000000002,1199962.0
HCTR11,Hectare CE,1035.0,2019-11-07,,2662283878.5,121.45,-0.1795,0.0121,0.1794,0.65,,,192215.0,VÓRTX,8909638.89,0.0219,Recebíveis Imobiliários,1722788676.03,-1.05,22083718.0
HGCR11,CSHG Recebíveis Imobiliários,1026.0,2010-01-13,,1551733628.04,102.52,-0.0303,0.0117,0.1221,1.01,,,64487.0,CREDIT SUISSE,3174749.68,0.0139,Recebíveis Imobiliários,1566633750.66,-0.01,14667288.0
HGIC11,HGI Créditos Imobiliários,1095.0,2021-12-04,,53391265.1,114.76,0.0379,0.0092,0.1139,0.86,,,3060.0,VÓRTX,86349.23,0.0,Recebíveis Imobiliários,45919042.68,-0.36,277943.0
HREC11,Hedge Recebíveis Imobiliários,980.0,,,455921879.22,91.87,-0.0025,0.0112,0.1204,0.86,,,4260.0,HEDGE INVESTMENTS,7652.41,0.0,Recebíveis Imobiliários,392997060.65,1.04,4656512.0
HSAF11,HSI Ativos Financeiros,8905.0,2020-09-18,,230072809.2,94.47,-0.0602,0.0112,0.1456,0.85,,,646.0,BRL TRUST,358274.53,0.0016,Recebíveis Imobiliários,195843427.2,-1.15,1773705.0
IBCR11,CRI Integral Brei,885.0,2021-11-08,,90007052.95,97.21,-0.0874,0.0141,0.1809,0.82,,,335.0,BTG PACTUAL,396144.23,0.0,Recebíveis Imobiliários,73721897.16,-0.73,958441.0
IRDM11,Iridium Recebíveis Imobiliários,10001.0,2018-08-03,,3364084224.58,95.86,-0.0822,0.0133,0.1482,0.96,,,250212.0,BTG PACTUAL,6505413.61,0.0327,Recebíveis Imobiliários,3245889647.43,-0.53,33043507.0
IRIM11,Iridium,10184.0,,,187541680.91,98.65,-0.0971,0.0162,0.1685,0.93,,,2132.0,BTG PACTUAL,241849.13,0.0,Recebíveis Imobiliários,174240000.0,1.24,1819910.0
JPPA11,JPP Capital Recebíveis Imobiliários,10215.0,2019-11-22,,88456979.33,106.05,0.0378,0.0173,0.1715,1.03,,,3341.0,FINAXIS CORRETORA,352798.45,0.0,Recebíveis Imobiliários,91471779.0,0.33,603957.0
KCRE11,Kinea Creditas,907.0,,,350855789.03,99.54,,0.0132,0.0314,0.92,,,3507.0,INTRAG,332184.71,0.0,Recebíveis Imobiliários,324180000.0,-0.33,3599873.0
KIVO11,Kilima Volkano Recebíveis,1010.0,2022-03-14,,117309545.06,100.53,,0.0124,0.0688,0.92,,,800.0,BRL TRUST,6461.76,0.0,Recebíveis Imobiliários,108146036.0,-1.94,358089.0
KNCR11,Kinea Rendimentos Imobiliários FII,10121.0,2012-02-11,,5752156652.13,101.08,-0.0073,0.0114,0.0986,0.98,,,119832.0,INTRAG,10015348.25,0.0366,Recebíveis Imobiliários,5624063069.5,-0.4499999999999999,41450645.0
KNHY11,Kinea High Yield CRI,9509.0,2018-08-08,,1816005470.21,97.35,-0.1316,0.0122,0.1692,0.98,,,14472.0,INTRAG,2348916.07,0.0174,Recebíveis Imobiliários,1783441807.35,-0.41,18490206.0
KNIP11,Kinea Índices de Preços,9162.0,2016-09-26,,7509519400.05,96.1,-0.1291,0.0114,0.1804,0.96,,,67491.0,INTRAG,12574225.55,0.0663,Recebíveis Imobiliários,7219048467.9,-0.58,71131192.0
KNSC11,Kinea Securities,8747.0,2020-10-28,,1169001887.9,88.74,-0.1323,0.0104,0.1646,0.97,,,66648.0,INTRAG,4506257.66,0.0115,Recebíveis Imobiliários,1137470029.92,-0.41,13275808.0
MATV11,More Gestão Ativa de Recebíveis,9789.0,2021-06-22,,38728378.71,95.85,-0.0207,0.0123,0.1113,0.89,,,2430.0,BTG PACTUAL,19742.89,0.0,Recebíveis Imobiliários,34631198.4,-0.11,363515.0
MCCI11,Mauá Capital Recebíveis Imobiliários,972.0,2019-10-12,,1560313254.44,96.71,-0.0559,0.0113,0.1368,0.92,,,90659.0,BTG PACTUAL,3151974.91,0.0147,Recebíveis Imobiliários,1439227636.64,-0.59,14594707.0
MCHF11,Mauá Capital Hedge Fund,952.0,2021-07-07,,304515100.86,9.68,-0.048,0.0126,0.1502,0.96,,,14313.0,BTG PACTUAL,1460841.59,0.003,Recebíveis Imobiliários,291091890.46,-1.7500000000000002,32297200.0
MCHY11,Mauá High Yield,10947.0,2021-07-28,,359057917.0,105.43,-0.0878,0.0128,0.1472,1.1,,,2380.0,BTG PACTUAL,2621.06,0.0,Recebíveis Imobiliários,394336344.35,-0.01,3589688.0
MGCR11,Mogno CRIs High Grade,8662.0,2020-06-10,,127656475.61,93.43,-0.013,0.0144,0.1241,0.89,,,2644.0,BTG PACTUAL,241152.75,0.0,Recebíveis Imobiliários,113841212.16,0.56,1422354.0
MORC11,More Recebíveis Imobiliários,947.0,2021-11-24,,126115677.34,99.51,-0.0548,0.0148,0.159,0.98,,,2589.0,,273926.81,0.0,Recebíveis Imobiliários,123768043.6,0.0,1291984.0
MXRF11,Maxi Renda,991.0,2011-09-20,,2286074354.0,10.14,-0.01,0.0121,0.115,1.01,,,557048.0,BTG PACTUAL,6644685.19,0.0206,Recebíveis Imobiliários,2314646149.12,0.02,226107522.0
NCHB11,NCH EQI High Yield Recebíveis Imobiliários,9108.0,2013-03-10,,151737387.61,93.59,0.0022,0.0144,0.163,0.93,,,10272.0,BTG PACTUAL,578054.35,0.0014,Recebíveis Imobiliários,141098149.2,-0.37,1601814.0
ORPD11,Ouro Verde Desenvolvimento Imobiliário,930.0,2017-05-17,,42900966.32,149.81,-0.2831,0.0,,0.63,,,380.0,PLANNER,,0.0,Recebíveis Imobiliários,26970000.0,0.0,290007.0
OUJP11,Ourinvest JPP,9281.0,2017-06-07,,324547926.63,101.25,0.0088,0.0145,0.149,0.94,,,2263.0,FINAXIS CORRETORA,790506.25,0.0028,Recebíveis Imobiliários,304423142.4,-0.27,3252257.0
OURE11,Ourinvest Renda Estruturada,809.0,2018-08-05,,97497098.76,92.77,-0.068,0.0142,0.1435,0.8,,,501.0,BANCO OURINVEST S.A.,107907.12,0.0,Recebíveis Imobiliários,78185745.33,-0.31,1077106.0
PEMA11,Performa Real Estate,519.0,2021-08-02,,41994236.08,77.52,-0.2986,0.0226,0.3377,0.62,,,2640.0,BRL TRUST,12436.6,0.0,Recebíveis Imobiliários,26225520.0,1.7600000000000002,552012.0
PLCR11,Plural Recebíveis Imobiliários,8217.0,2019-12-11,,190717731.42,92.88,-0.1163,0.0145,0.1522,0.93,,,11342.0,GENIAL INVESTIMENTOS,327457.61,0.0017,Recebíveis Imobiliários,177170196.0,-0.04,2109085.0
PLRI11,Polo,279.0,2011-01-08,,30789060.58,35.23,-0.2759,0.0089,0.1525,0.71,,,8520.0,OLIVEIRA TRUST,4482.79,0.0,Recebíveis Imobiliários,21796303.36,0.14,954209.0
PORD11,Polo Crédito Imobiliário,9678.0,2013-04-01,,363550200.18,98.9,0.0081,0.0155,0.1498,0.88,,,17899.0,OLIVEIRA TRUST,637858.9,0.0032,Recebíveis Imobiliários,320453831.25,0.0,3728523.0
QAMI11,Quasar Crédito,8515.0,2021-09-04,,73317528.67,92.95,-0.1183,0.0117,0.1803,0.86,,,1262.0,GENIAL INVESTIMENTOS,42450.76,0.0,Recebíveis Imobiliários,63310442.0,0.0599999999999999,801415.0
QIRI11,Quatá Imob Recebíveis Imobiliários,6999.0,2020-07-17,,13441852.95,85.75,-0.2292,0.0101,0.1013,0.87,,,1740.0,BRL TRUST,2772.77,0.0,Recebíveis Imobiliários,11706000.0,0.14,150002.0
QREC11,Quasar Crédito Imobiliário,,,,,,,,,,,,,PLURAL,,0.0,Recebíveis Imobiliários,0.0,,
RBHG11,Rio Bravo Crédito Imobiliário High Grade,8535.0,2019-06-05,,159833690.61,96.23,-0.0064,0.0152,0.1599,0.9,,,6283.0,BRL TRUST,344019.61,0.0,Recebíveis Imobiliários,143268375.26,-0.16,1727608.0
RBHY11,Rio Bravo Crédito Imobiliário High Yield,970.0,2021-01-02,,179305483.98,97.77,-0.049,0.0149,0.1696,0.99,,,2907.0,BRL TRUST,69915.28,0.0,Recebíveis Imobiliários,178027340.1,0.52,1893419.0
RBRR11,RBR Rendimentos High Grade,9579.0,2018-04-27,,1269607818.89,95.77,-0.0319,0.0115,0.133,0.9,,,106783.0,BTG PACTUAL,4389534.15,0.0097,Recebíveis Imobiliários,1136931616.8,-0.7400000000000001,13438373.0
RBRY11,RBR Crédito Imobiliário Estruturado,1018.0,2019-05-24,,553436918.69,101.86,-0.0268,0.0133,0.1372,0.96,,,16179.0,BTG PACTUAL,1051039.12,0.0033,Recebíveis Imobiliários,530940078.88,1.56,3919574.0
RBVO11,Rio Bravo Crédito Imobiliário II,1082.0,2012-12-26,,8828054.19,21.58,-0.1487,0.0028,0.0464,0.57,,,2641.0,RIO BRAVO,10548.99,0.0,Recebíveis Imobiliários,5008651.04,1.12,515780.0
RCRI11B,RB Capital Rendimentos,,,,18639596.1,365.4,-1.0,,,0.0,,,1490.0,OLIVEIRA TRUST,,0.0,Recebíveis Imobiliários,0.0,,51011.0
RDPD11,Fundo BB Renda de Papéis II,4997.0,2018-03-05,,30458260.17,55.48,-0.1455,0.013,0.1339,0.95,,,1124.0,BV DTVM,3889.23,0.0,Recebíveis Imobiliários,28988549.38,-0.02,1078045.0
RECR11,REC Recebíveis Imobiliários,9067.0,2017-10-16,,2520797688.65,95.45,-0.0931,0.0113,0.1645,0.86,,,170015.0,BRL TRUST,6267689.87,0.025,Recebíveis Imobiliários,2165835551.5,-1.98,26441504.0
REIT11,Singulare FII,6000.0,2014-05-26,,7487655.25,481.12,0.0909,0.0034,0.0587,0.63,,,630.0,SINGULARE,1800.0,0.0,Recebíveis Imobiliários,4732380.0,9.09,26291.0
RNDP11,Fundo BB Renda de Papéis,3000.0,2012-04-17,,20713235.06,385.91,-0.5322,0.0103,0.1556,0.78,,,9800.0,BV DTVM,5549.62,0.0,Recebíveis Imobiliários,16083456.84,0.0,107481.0
RRCI11,RB Capital Recebíveis Imobiliários,8215.0,2020-11-19,,43697787.94,97.04,-0.022,0.0146,0.1621,0.92,,,2434.0,BRL TRUST,125264.2,0.0,Recebíveis Imobiliários,40115905.39,-0.18,481737.0
RZAK11,Riza Akin,9847.0,,,521840168.96,94.7,0.0434,0.0167,0.1485,1.02,,,10158.0,BTG PACTUAL,1209993.4,0.0027,Recebíveis Imobiliários,534769478.8,-1.18,3403296.0
SADI11,Santander Papéis Imobiliários CDI,8979.0,2019-08-08,,313671106.73,100.2,-0.0318,0.0116,0.1047,0.91,,,4177.0,SANTANDER CACEIS,774035.11,0.0027,Recebíveis Imobiliários,284946547.2,0.4499999999999999,3180350.0
SIGR11,SIG Capital Recebíveis Pulverizados,,,,37656928.9,100.48,,,,1.03,,,490.0,BTG PACTUAL,,0.0,Recebíveis Imobiliários,38939500.0,,302583.0
SNCI11,Suno Recebíveis,10179.0,,,409072527.24,97.74,-0.0043,0.0128,0.1236,0.99,,,34437.0,BTG PACTUAL,1491817.75,0.0024,Recebíveis Imobiliários,406602000.0,-0.01,3697402.0
URPR11,Urca Prime Renda,10164.0,2020-08-27,,1156551277.2,99.79,-0.119,0.0118,0.2057,0.97,,,64394.0,VÓRTX,5521584.47,0.0098,Recebíveis Imobiliários,1124326382.4,-0.05,5518625.0
VCJR11,Vectis Juros Real,8704.0,2020-01-28,,1389190344.58,94.11,-0.1204,0.0115,0.177,0.94,,,11366.0,INTRAG,1474602.15,0.0124,Recebíveis Imobiliários,1302187906.8,-1.5800000000000003,14723312.0
VCRI11,Vinci Credit Securities,929.0,2022-05-16,,168271942.79,9.85,,0.0161,0.0484,0.88,,,2072.0,BRL TRUST,190107.68,0.0,Recebíveis Imobiliários,148407029.95,0.98,17777543.0
VGHF11,Valora Hedge Fund,973.0,2021-01-03,,664534710.9,9.23,-0.027,0.0123,0.1757,0.99,,,99426.0,BANCO DAYCOVAL,3028721.86,0.006,Recebíveis Imobiliários,661105470.29,-0.6100000000000001,72876172.0
VGIF11,Valora Instrumentos Financeiros,,,,,,,,,,,,,BANCO DAYCOVAL,,0.0,Recebíveis Imobiliários,0.0,,
VGIP11,Valora CRI Índice de Preço,9312.0,2020-03-20,,1064809460.78,92.11,-0.0862,0.0107,0.187,0.92,,,73069.0,BTG PACTUAL,3586838.88,0.011,Recebíveis Imobiliários,982467037.45,-1.98,11786865.0
VGIR11,Valora CRI CDI,10143.0,2018-07-31,,994290044.44,96.53,0.0277,0.0128,0.1202,1.02,,,36022.0,BTG PACTUAL,4039233.89,0.0071,Recebíveis Imobiliários,1009498514.46,0.36,7570568.0
VOTS11,Votorantim Securities Master,887.0,2018-07-18,,77081125.01,94.53,0.0374,0.013,0.1291,0.89,,,4740.0,VOTORANTIM ASSET,3283.44,0.0,Recebíveis Imobiliários,68691941.61,0.0,827934.0
VRTA11,Fator Verità,9364.0,2011-01-01,,1415905408.76,95.49,-0.1073,0.0117,0.1512,0.94,,,104122.0,BANCO FATOR,1949585.73,0.0123,Recebíveis Imobiliários,1332528555.04,-0.6100000000000001,13153140.0
VSEC11,Votorantim Securities,587.0,2020-01-07,,6337679.19,98.53,-0.0236,0.0046,0.1026,0.44,,,690.0,VOTORANTIM ASSET,1237.56,0.0,Recebíveis Imobiliários,2760340.0,-6.69,62736.0
VSLH11,Versalhes Recebíveis Imobiliários,874.0,2020-12-21,,313054506.69,10.4,-0.0952,0.008,0.1707,0.69,,,70135.0,VÓRTX,1352820.91,0.0026,Recebíveis Imobiliários,215021455.2,-1.13,29876957.0
XPCI11,XP Crédito,9055.0,2019-12-17,,789309106.5,97.43,-0.0647,0.0113,0.1387,0.89,,,63344.0,VÓRTX,3060800.55,0.0075,Recebíveis Imobiliários,704477649.92,-1.5800000000000003,8701524.0
CARE11,Brazilian GraveyardDeath Care,47.0,2013-01-03,,293450470.78,8.2,0.6968,0.0,0.0018,0.57,,,9724.0,PLANNER,50554.95,0.0013,Outros,168118619.3,4.680000000000001,35786643.0
EVBI11,VBI Consumo Essencial,970.0,2020-01-23,,139510715.73,99.81,0.0104,0.0077,0.0903,0.97,,,2520.0,BRL TRUST,264443.57,0.0,Outros,135583690.0,1.04,1397763.0
GESE11B,General Severiano,137212.0,2016-04-07,,91908348.22,1767.47,-0.0113,0.0101,0.1081,0.78,,,550.0,BTG PACTUAL,,0.0,Outros,71350240.0,13878.11,52000.0
MTRS11,Metropolis,,,,,,,,,,,,,BTG PACTUAL,,0.0,Outros,0.0,,
SALI11,Vênus,,,,8073868.0,101.48,,,,0.0,,,10.0,VÓRTX,,0.0,Outros,0.0,,79561.0
ZIFI11,Zion Capital,13590.0,2021-06-30,,25884380.22,1209.15,-0.1501,0.0024,0.006,1.12,,,380.0,PLANNER,4077.0,0.0,Outros,29092113.0,-2.23,21407.0
